USA,.google.com
Abu Dhabi,.google.ae
Afghanistan,.google.af
Albania,.google.al
Algeria,.google.dz
American Samoa,.google.as
Andorra,.google.ad
Angola,.google.ao
Anguilla,.google.ai
Antigua and Barbuda,.google.ag
Argentina,.google.ar
Armenia,.google.am
Australia,.google.au
Austria,.google.at
Azerbaijan,.google.az
Bahamas,.google.bs
Bahrain,.google.bh
Bangladesh,.google.bd
Belarus,.google.by
Belgium,.google.be
Belize,.google.bz
Benin,.google.bj
Bhutan,.google.bt
Bolivia,.google.bo
Bosnia and Herzegovina,.google.ba
Botswana,.google.bw
Brazil,.google.br
British Virgin Islands,.google.vg
Brunei,.google.bn
Bulgaria,.google.bg
Burkina Faso,.google.bf
Burma,.google.mm
Burundi,.google.bi
Cambodia,.google.kh
Cameroon,.google.cm
Canada,.google.ca
Cape Verde,.google.cv
Catalonia,.google.cat
Central African Republic,.google.cf
Chad,.google.td
Chile,.google.cl
China,.google.cn
Colombia,.google.co
Congo. Democratic Republic of the (Congo-Kinshasa),.google.cd
Congo. Republic of the (Congo-Brazzaville),.google.cg
Cook Islands,.google.ck
Costa Rica,.google.cr
Côte d’Ivoire (Ivory Coast),.google.ci
Croatia,.google.hr
Cuba,.google.cu
Cyprus,.google.cy
Czechia,.google.cz
Denmark,.google.dk
Djibouti,.google.dj
Dominica,.google.dm
Dominican Republic,.google.do
East Timor,.google.tl
Ecuador,.google.ec
Egypt,.google.eg
El Salvador,.google.sv
England,.google.uk
Estonia,.google.ee
Ethiopia,.google.et
Fiji,.google.fj
Finland,.google.fi
France,.google.fr
Gabon,.google.ga
Gambia,.google.gm
Gaza,.google.ps
Georgia,.google.ge
Germany,.google.de
Ghana,.google.gh
Gibraltar,.google.gi
Greece,.google.gr
Greenland,.google.gl
Guatemala,.google.gt
Guernsey,.google.gg
Guyana,.google.gy
Haiti,.google.ht
Honduras,.google.hn
Hong Kong,.google.hk
Hungary,.google.hu
Iceland,.google.is
India,.google.in
Indonesia,.google.id
Iraq,.google.iq
Ireland,.google.ie
Isle of Man,.google.im
Israel,.google.il
Italy,.google.it
Jamaica,.google.jm
Japan,.google.jp
Jersey,.google.je
Jordan,.google.jo
Kazakhstan,.google.kz
Kenya,.google.ke
Kiribati,.google.ki
Korea. South,.google.kr
Kuwait,.google.kw
Kyrgyzstan,.google.kg
Laos,.google.la
Latvia,.google.lv
Lebanon,.google.lb
Lesotho,.google.ls
Libya,.google.ly
Liechtenstein,.google.li
Lithuania,.google.lt
Luxembourg,.google.lu
Macedonia. North,.google.mk
Madagascar,.google.mg
Malawi,.google.mw
Malaysia,.google.my
Maldives,.google.mv
Mali,.google.ml
Malta,.google.mt
Mauritius,.google.mu
Mexico,.google.mx
Micronesia,.google.fm
Moldova,.google.md
Mongolia,.google.mn
Montenegro,.google.me
Montserrat,.google.ms
Morocco,.google.ma
Mozambique,.google.mz
Namibia,.google.na
Nauru,.google.nr
Nepal,.google.np
Netherlands,.google.nl
New Zealand,.google.nz
Nicaragua,.google.ni
Niger,.google.ne
Nigeria,.google.ng
Niue,.google.nu
Norway,.google.no
Oman,.google.om
Pakistan,.google.pk
Panama,.google.pa
Papua New Guinea,.google.pg
Paraguay,.google.py
Peru,.google.pe
Philippines,.google.ph
Pitcairn Islands,.google.pn
Poland,.google.pl
Portugal,.google.pt
Puerto Rico,.google.pr
Qatar,.google.qa
Romania,.google.ro
Russia,.google.ru
Rwanda,.google.rw
Saint Helena,.google.sh
Saint Vincent and the Grenadines,.google.vc
Samoa,.google.ws
San Marino,.google.sm
São Tomé and Príncipe,.google.st
Saudi Arabia,.google.sa
Senegal,.google.sn
Serbia,.google.rs
Seychelles,.google.sc
Sierra Leone,.google.sl
Singapore,.google.sg
Slovakia,.google.sk
Slovenia,.google.si
Solomon Islands,.google.sb
Somalia,.google.so
South Africa,.google.za
Spain,.google.es
Sri Lanka,.google.lk
Suriname,.google.sr
Sweden,.google.se
Switzerland,.google.ch
Taiwan,.google.tw
Tajikistan,.google.tj
Tanzania,.google.tz
Thailand,.google.th
Togo,.google.tg
Tonga,.google.to
Trinidad and Tobago,.google.tt
Tunisia,.google.tn
Turkey,.google.tr
Turkmenistan,.google.tm
Uganda,.google.ug
Ukraine,.google.ua
United States Virgin Islands,.google.vi
Uruguay,.google.uy
Uzbekistan,.google.uz
Vanuatu,.google.vu
Venezuela,.google.ve
Vietnam,.google.vn
Zambia,.google.zm
Zimbabwe,.google.zw
